{
  "optimization_procedure_name": "grid_hp_opt_facegan",
  "results_dir": "/mnt/lustre/work/butz/bst080/faceGANtts/hyperopt",
  "script_relative_path": "hyperopt/hyperopt.py",
  "run_in_working_dir": false,
  "run_command": "python hyperopt/hyperopt.py",
  "environment_setup": {
    "use_conda": true,
    "conda_env": "/home/butz/bst080/miniconda3/envs/train_env",
    "additional_setup": [
      "export CUDA_VISIBLE_DEVICES=0,1,2,3"
    ]
  },
  "cluster_requirements": {
    "request_gpus": 4,
    "request_cpus": 4,
    "memory_in_mb": 50000,
    "partition": "a100-galvani",
    "request_time": "3-00:00:00"
  },
  "git_params": {
    "url": "git@github.com:degiaaaa/facetts-optimizer.git",
    "branch": "main"
  },
  "optimizer_str": "grid_search",
  "fixed_params": {},
  "restarts": 1,
  "hyperparam_list": [
  {"param": "disc_loss_type", "values": ["bce"]},
  {"param": "disc_loss_type", "values": ["ls"]},
  {"param": "lambda_adv", "values": [0.2]},
  {"param": "disc_learning_rate", "values": [0.001]},
  {"param": "learning_rate", "values": [1e-06]},
  {"param": "warmup_disc_epochs", "values": [2]},
  {"param": "warmup_disc_epochs", "values": [15]},
  {"param": "freeze_gen_epochs", "values": [2]},
  {"param": "freeze_gen_epochs", "values": [5]},
  {"param": "freeze_gen_epochs", "values": [10]},
  {"param": "gamma", "values": [0.01]},
  {"param": "gamma", "values": [0.05]},
  {"param": "use_spectral_norm", "values": [1]},
  {"param": "denoise_factor", "values": [0.2]},
  {"param": "denoise_factor", "values": [0.4]},
  {"param": "denoise_factor", "values": [0.5]},
  {"param": "denoise_factor", "values": [0.6]},
  {"param": "use_r1_penalty", "values": [0]},
  {"param": "r1_gamma", "values": [5]},
  {"param": "r1_gamma", "values": [10]},
  {"param": "r1_gamma", "values": [20]},
  {"param": "kernel_width", "values": [3]},
  {"param": "kernel_width", "values": [7]},
  {"param": "kernel_width", "values": [9]},
  {"param": "kernel_width", "values": [12]},
  {"param": "kernel_width", "values": [15]},
  {"param": "kernel_height", "values": [3]},
  {"param": "kernel_height", "values": [5]},
  {"param": "kernel_height", "values": [7]},
  {"param": "kernel_height", "values": [9]},
  {"param": "kernel_height", "values": [15]},
  {"param": "disc_padding", "values": [4]},
  {"param": "disc_padding", "values": [7]},
  {"param": "disc_stride", "values": [2]},
  {"param": "disc_stride", "values": [3]}
],
"__inactive_hyperparams": [
  {"param": "disc_loss_type", "values": ["mse"]},
  {"param": "disc_loss_type", "values": ["hinge"]},
  {"param": "use_pitch_loss", "values": [1]},
  {"param": "use_energy_loss", "values": [1]},
  {"param": "use_fm_loss", "values": [1]},
  {"param": "disc_lrelu_slope", "values": [0.1]},
  {"param": "disc_lrelu_slope", "values": [0.2]},
  {"param": "disc_lrelu_slope", "values": [0.3]},
  {"param": "lambda_adv", "values": [0.1]},
  {"param": "lambda_adv", "values": [0.3]},
  {"param": "lambda_adv", "values": [0.5]},
  {"param": "lambda_adv", "values": [0.7]},
  {"param": "lambda_adv", "values": [0.9]},
  {"param": "lambda_adv", "values": [1]},
  {"param": "disc_learning_rate", "values": [1e-06]},
  {"param": "disc_learning_rate", "values": [1e-05]},
  {"param": "disc_learning_rate", "values": [0.0001]},
  {"param": "learning_rate", "values": [1e-08]},
  {"param": "learning_rate", "values": [1e-07]},
  {"param": "disc_stride", "values": [1]},
  {"param": "kernel_height", "values": [12]},
  {"param": "kernel_width", "values": [5]},
  {"param": "r1_gamma", "values": [15]},
  {"param": "disc_padding", "values": [6]},
  {"param": "use_r1_penalty", "values": [1]},
  {"param": "use_spectral_norm", "values": [0]},
  {"param": "gamma", "values": [0.02]},
  {"param": "denoise_factor", "values": [0.7]},
  {"param": "warmup_disc_epochs", "values": [5]},
  {"param": "warmup_disc_epochs", "values": [10]},
  {"param": "warmup_disc_epochs", "values": [20]}

  ],
  "optimization_setting": {
    "number_of_samples": 70,
    "n_jobs_per_iteration": 15,
    "n_completed_jobs_before_resubmit": 2,
    "metric_to_optimize": "Composite Metric",
    "minimize": true
  },
  "num_best_jobs_whose_data_is_kept": 100
}